date,category,amount_php
2018-09-20,transportation,19.830000000000002
2018-09-20,groceries,39.660000000000004
2018-09-19,others,131.53900000000002
2018-09-17,others,12.559000000000001
2018-09-16,others,165.911
2018-09-15,others,132.20000000000002
2018-09-14,transportation,33.050000000000004
2018-09-13,transportation,26.44
2018-09-13,others,54.863
2018-09-13,groceries,30.406000000000002
2018-09-13,others,3305.0
2018-09-13,others,3305.0
2018-09-12,others,440.887
2018-09-11,groceries,429.65000000000003
2018-09-11,others,2313.5
2018-09-11,groceries,23.796
2018-09-10,groceries,23.796
2018-09-08,others,26.44
2018-09-07,groceries,24.457
2018-09-07,others,661.0
2018-09-06,groceries,36.355000000000004
2018-09-05,others,50.897000000000006
2018-09-05,groceries,19.830000000000002
2018-09-05,groceries,26.44
2018-09-05,groceries,15.864
2018-09-05,groceries,23.796
2018-09-05,groceries,11.898
2018-09-03,others,1322.0
2018-09-01,others,8262.5
2018-09-01,others,1322.0
2018-08-31,others,661.0
2018-08-31,others,77.998
2018-08-31,groceries,337.67185
2018-08-31,others,46438.555
2018-08-31,groceries,23.796
2018-08-30,groceries,51.558
2018-08-30,others,226.723
2018-08-29,groceries,17.847
2018-08-29,groceries,9.915000000000001
2018-08-29,groceries,23.796
2018-08-28,others,4.46175
2018-08-28,others,11.898
2018-08-27,groceries,13.22
2018-08-27,groceries,39.660000000000004
2018-08-27,groceries,29.745
2018-08-27,groceries,23.796
2018-08-26,others,19.830000000000002
2018-08-25,others,60.151
2018-08-24,groceries,740.32
2018-08-24,others,661.0
2018-08-24,groceries,13.22
2018-08-24,groceries,23.796
2018-08-24,others,661.0
2018-08-23,transportation,862.8694000000002
2018-08-23,transportation,796.7694000000001
2018-08-23,groceries,39.660000000000004
2018-08-22,groceries,24.457
2018-08-22,others,7299.423000000001
2018-08-21,groceries,7.932
2018-08-21,groceries,23.796
2018-08-19,others,131.53900000000002
2018-08-17,groceries,13.22
2018-08-17,groceries,23.796
2018-08-17,others,14.542000000000002
2018-08-16,others,103.777
2018-08-15,groceries,191.69
2018-08-15,groceries,142.776
2018-08-14,others,81.964
2018-08-14,others,19.830000000000002
2018-08-14,groceries,21.152
2018-08-14,others,105.76
2018-08-14,others,37.016000000000005
2018-08-14,groceries,76.015
2018-08-13,others,66.10000000000001
2018-08-13,others,145.42000000000002
2018-08-13,groceries,29.745
2018-08-13,others,392.634
2018-08-13,groceries,6.61
2018-08-13,groceries,13.22
2018-08-13,others,3305.0
2018-08-13,others,3305.0
2018-08-11,groceries,63.456
2018-08-10,others,23.135
2018-08-07,others,661.0
2018-08-06,others,66.10000000000001
2018-08-05,others,66.10000000000001
2018-08-05,groceries,6.61
2018-08-05,others,2842.3
2018-08-05,others,2254.01
2018-08-05,transportation,13.22
2018-08-05,transportation,9.915000000000001
2018-08-05,others,263.07800000000003
2018-08-03,others,66.10000000000001
2018-08-03,others,1322.0
2018-08-03,others,118.98
2018-08-02,others,11.898
2018-08-02,groceries,142.776
2018-08-02,others,661.0
2018-08-01,others,26.44
2018-08-01,others,8262.5
2018-08-01,others,1322.0
2018-07-31,others,60.151
2018-07-31,others,19830.0
2018-07-31,others,1322.0
2018-07-31,groceries,6.61
2018-07-31,others,46438.555
2018-07-30,others,66.10000000000001
2018-07-30,others,87.25200000000001
2018-07-30,groceries,140.132
2018-07-30,groceries,16.525000000000002
2018-07-29,groceries,171.86
2018-07-29,transportation,33.050000000000004
2018-07-29,transportation,9.915000000000001
2018-07-29,transportation,26.44
2018-07-29,groceries,69.405
2018-07-28,others,132.20000000000002
2018-07-28,others,318.17896
2018-07-28,groceries,128.895
2018-07-28,others,2478.75
2018-07-27,others,545.986
2018-07-26,groceries,26.44
2018-07-26,others,4481.58
2018-07-23,others,101.79400000000001
2018-07-23,groceries,66.10000000000001
2018-07-21,others,243.24800000000002
2018-07-21,groceries,19.830000000000002
2018-07-21,groceries,39.660000000000004
2018-07-21,groceries,29.745
2018-07-20,groceries,13.22
2018-07-20,groceries,16.525000000000002
2018-07-20,groceries,16.525000000000002
2018-07-20,transportation,102.455
2018-07-20,others,57.507000000000005
2018-07-20,others,692.7280000000001
2018-07-19,groceries,26.44
2018-07-18,groceries,142.776
2018-07-16,others,55.524
2018-07-16,others,786.59
2018-07-16,groceries,55.524
2018-07-15,groceries,19.830000000000002
2018-07-15,groceries,330.5
2018-07-15,groceries,31.728
2018-07-14,others,1322.0
2018-07-13,transportation,124.268
2018-07-13,others,897.638
2018-07-13,others,3305.0
2018-07-13,others,3305.0
2018-07-12,groceries,23.135
2018-07-11,groceries,37.677
2018-07-10,others,118.98
2018-07-09,transportation,237.96
2018-07-09,groceries,13.22
2018-07-09,groceries,39.660000000000004
2018-07-08,transportation,122.28500000000001
2018-07-08,groceries,19.830000000000002
2018-07-08,others,101.13300000000001
2018-07-08,others,330.5
2018-07-08,transportation,85.93
2018-07-08,transportation,446.175
2018-07-07,transportation,6.61
2018-07-07,groceries,1.322
2018-07-07,others,129.556
2018-07-07,others,661.0
2018-07-06,groceries,502.36
2018-07-06,transportation,66.10000000000001
2018-07-05,transportation,54.863
2018-07-05,groceries,4.627000000000001
2018-07-05,transportation,9.915000000000001
2018-07-05,transportation,13.22
2018-07-04,others,66.10000000000001
2018-07-04,others,33.050000000000004
2018-07-04,others,231.35000000000002
2018-07-04,others,951.84
2018-07-03,others,330.5
2018-07-03,groceries,23.796
2018-07-03,others,101.79400000000001
2018-07-03,others,34.7025
2018-07-03,others,1322.0
2018-07-02,others,1054.295
2018-07-02,transportation,33.050000000000004
2018-07-02,transportation,13.22
2018-07-02,others,413.786
2018-07-02,transportation,17.186
2018-07-02,transportation,26.44
2018-07-01,others,304.721
2018-07-01,transportation,1249.29
2018-07-01,groceries,9.915000000000001
2018-07-01,others,284.23
2018-07-01,others,64.778
2018-07-01,groceries,47.592
2018-07-01,others,8262.5
2018-07-01,others,6610.0
2018-06-30,others,793.2
2018-06-30,others,28.423000000000002
2018-06-30,others,226.062
2018-06-30,others,43045.642
2018-06-29,others,29.084000000000003
2018-06-29,others,46.27
2018-06-29,others,33.050000000000004
2018-06-29,others,178.47
2018-06-28,groceries,300.755
2018-06-28,groceries,46.27
2018-06-28,transportation,150.708
2018-06-28,others,42.846019999999996
2018-06-27,others,204.14985000000001
2018-06-27,others,1983.0
2018-06-27,groceries,9.254000000000001
2018-06-27,others,66.10000000000001
2018-06-27,others,3119.92
2018-06-27,others,66.10000000000001
2018-06-27,others,297.45
2018-06-27,others,363.55
2018-06-27,transportation,16.525000000000002
2018-06-27,transportation,52.88
2018-06-27,transportation,19.830000000000002
2018-06-27,others,1685.2789900000002
2018-06-26,transportation,19.830000000000002
2018-06-26,others,1315.39
2018-06-26,others,8626.050000000001
2018-06-26,others,46.27
2018-06-26,transportation,13.22
2018-06-26,groceries,13.22
2018-06-26,groceries,19.830000000000002
2018-06-25,groceries,211.52
2018-06-25,others,1370.914
2018-06-24,transportation,26.44
2018-06-24,groceries,11.898
2018-06-24,groceries,47.592
2018-06-24,others,139.96675000000002
2018-06-24,transportation,19.830000000000002
2018-06-24,others,103.777
2018-06-24,groceries,39.660000000000004
2018-06-23,others,1682.2450000000001
2018-06-23,transportation,19.830000000000002
2018-06-22,others,119.641
2018-06-19,others,1322.0
2018-06-19,others,16.525000000000002
2018-06-18,others,9.915000000000001
2018-06-16,groceries,5618.5
2018-06-15,others,9.915000000000001
2018-06-15,transportation,802.1895999999999
2018-06-13,others,3305.0
2018-06-13,others,3305.0
2018-06-11,groceries,55.524
2018-06-11,others,930.027
2018-06-10,others,1983.0
2018-06-09,others,440.887
2018-06-07,others,661.0
2018-06-01,others,8262.5
2018-06-01,others,1322.0
2018-05-31,others,43053.574
2018-05-30,others,58.168000000000006
2018-05-28,others,16.525000000000002
2018-05-28,others,66.10000000000001
2018-05-27,others,18.508000000000003
2018-05-27,others,49.575
2018-05-26,transportation,33.050000000000004
2018-05-24,others,440.887
2018-05-23,others,109.726
2018-05-22,others,101.79400000000001
2018-05-22,others,7299.423000000001
2018-05-21,others,92.54
2018-05-20,others,80.64200000000001
2018-05-19,others,16.525000000000002
2018-05-19,others,9.915000000000001
2018-05-18,others,198.961
2018-05-15,groceries,89.235
2018-05-15,transportation,19.830000000000002
2018-05-15,others,14211.5
2018-05-15,transportation,33.050000000000004
2018-05-14,others,13.881
2018-05-14,others,198.961
2018-05-14,others,26.44
2018-05-14,transportation,33.050000000000004
2018-05-14,groceries,9.915000000000001
2018-05-14,groceries,826.25
2018-05-14,transportation,26.44
2018-05-14,transportation,26.44
2018-05-13,others,50.897000000000006
2018-05-13,others,7.932
2018-05-13,others,13.22
2018-05-13,others,3305.0
2018-05-13,others,3305.0
2018-05-12,groceries,288.857
2018-05-12,groceries,46.27
2018-05-12,groceries,31.728
2018-05-12,groceries,47.592
2018-05-11,groceries,13.22
2018-05-10,groceries,52.88
2018-05-10,others,625.967
2018-05-09,others,7.932
2018-05-09,groceries,29.745
2018-05-09,groceries,23.796
2018-05-09,others,131.53900000000002
2018-05-08,groceries,330.5
2018-05-08,groceries,47.592
2018-05-08,others,33.050000000000004
2018-05-07,others,717.846
2018-05-07,transportation,13.22
2018-05-07,others,340.415
2018-05-07,groceries,284.23
2018-05-07,groceries,47.592
2018-05-07,others,661.0
2018-05-06,others,1983.0
2018-05-05,others,396.6
2018-05-04,others,24.457
2018-05-04,groceries,47.592
2018-05-03,groceries,26.44
2018-05-02,groceries,185.08
2018-05-01,groceries,47.592
2018-05-01,others,28.423000000000002
2018-05-01,others,80.64200000000001
2018-05-01,others,171.86
2018-05-01,others,8262.5
2018-05-01,others,1322.0
2018-05-01,others,6610.0
2018-04-30,groceries,47.592
2018-04-30,others,109.06500000000001
2018-04-30,others,116.33600000000001
2018-04-30,groceries,29.745
2018-04-30,groceries,47.592
2018-04-30,others,330.5
2018-04-29,groceries,26.44
2018-04-29,others,43053.574
2018-04-28,groceries,272.993
2018-04-28,others,330.5
2018-04-27,others,194.995
2018-04-26,groceries,19.830000000000002
2018-04-26,groceries,47.592
2018-04-26,others,661.0
2018-04-25,groceries,46.27
2018-04-24,others,103.777
2018-04-23,others,25.118000000000002
2018-04-23,others,330.5
2018-04-22,groceries,6.61
2018-04-22,others,125.59
2018-04-22,groceries,47.592
2018-04-21,groceries,105.76
2018-04-21,groceries,13.22
2018-04-20,groceries,46.27
2018-04-19,others,9.254000000000001
2018-04-19,groceries,23.796
2018-04-19,groceries,47.592
2018-04-17,groceries,47.592
2018-04-16,others,13.881
2018-04-16,others,41.643
2018-04-16,others,178.47
2018-04-16,others,175.16500000000002
2018-04-16,others,297.45
2018-04-15,groceries,46.27
2018-04-15,groceries,13.22
2018-04-15,others,528.139
2018-04-15,others,347.02500000000003
2018-04-15,transportation,6.61
2018-04-15,transportation,13.22
2018-04-15,groceries,46.27
2018-04-14,others,70.727
2018-04-14,groceries,26.44
2018-04-14,groceries,29.745
2018-04-14,groceries,47.592
2018-04-13,others,462.70000000000005
2018-04-13,others,3305.0
2018-04-13,others,3305.0
2018-04-12,others,131.53900000000002
2018-04-12,others,74.03200000000001
2018-04-12,groceries,13.22
2018-04-12,groceries,85.93
2018-04-10,groceries,11.898
2018-04-10,groceries,46.27
2018-04-10,others,165.25
2018-04-09,groceries,6.61
2018-04-09,groceries,47.592
2018-04-07,others,1227.477
2018-04-07,others,15.864
2018-04-07,groceries,23.796
2018-04-07,others,661.0
2018-04-06,others,16194.5
2018-04-05,others,25.118000000000002
2018-04-05,groceries,23.796
2018-04-05,groceries,47.592
2018-04-05,groceries,85.93
2018-04-03,others,8262.5
2018-04-03,others,1322.0
2018-04-02,transportation,13.22
2018-04-02,others,98.489
2018-04-02,groceries,15.864
2018-04-02,groceries,13.22
2018-04-02,groceries,23.796
2018-04-02,others,1322.0
2018-04-01,others,228.04500000000002
2018-04-01,others,3.8999000000000006
2018-04-01,others,16.37958
2018-04-01,others,228.14415
2018-04-01,groceries,47.592
2018-04-01,others,6613.8999
2018-03-31,groceries,29.745
2018-03-31,groceries,161.28400000000002
2018-03-31,others,42724.396
2018-03-31,groceries,276.959
2018-03-31,transportation,6.61
2018-03-31,others,389.329
2018-03-31,transportation,19.830000000000002
2018-03-30,groceries,16.525000000000002
2018-03-30,groceries,13.22
2018-03-30,groceries,47.592
2018-03-29,groceries,815.6740000000001
2018-03-27,groceries,23.135
2018-03-26,groceries,47.592
2018-03-26,others,103.777
2018-03-25,others,26.770500000000002
2018-03-25,transportation,6.61
2018-03-25,groceries,16.525000000000002
2018-03-25,groceries,13.22
2018-03-25,groceries,105.76
2018-03-25,groceries,52.88
2018-03-25,groceries,158.64000000000001
2018-03-23,others,66.10000000000001
2018-03-22,groceries,4.627000000000001
2018-03-22,groceries,9.915000000000001
2018-03-22,others,101.13300000000001
2018-03-22,groceries,99.15
2018-03-22,groceries,99.15
2018-03-22,groceries,13.22
2018-03-22,groceries,47.592
2018-03-21,groceries,15.864
2018-03-21,others,25.118000000000002
2018-03-21,others,33.050000000000004
2018-03-20,groceries,162.606
2018-03-20,others,11.237
2018-03-20,groceries,142.61075
2018-03-20,groceries,11.898
2018-03-20,groceries,23.796
2018-03-20,groceries,23.796
2018-03-18,transportation,6.61
2018-03-18,groceries,9.915000000000001
2018-03-18,others,528.139
2018-03-18,others,329.178
2018-03-18,groceries,33.050000000000004
2018-03-18,groceries,19.830000000000002
2018-03-18,groceries,6.61
2018-03-18,transportation,13.22
2018-03-17,groceries,19.830000000000002
2018-03-17,groceries,24.457
2018-03-15,groceries,39.660000000000004
2018-03-15,groceries,23.796
2018-03-14,others,92.54
2018-03-14,groceries,26.44
2018-03-14,groceries,382.058
2018-03-14,others,28.343680000000003
2018-03-13,others,317.28000000000003
2018-03-13,groceries,23.796
2018-03-13,others,3305.0
2018-03-13,others,3305.0
2018-03-12,transportation,854.673
2018-03-10,others,198.3
2018-03-10,others,50.897000000000006
2018-03-10,groceries,47.592
2018-03-10,groceries,23.796
2018-03-08,others,60.151
2018-03-08,groceries,26.44
2018-03-08,others,330.5
2018-03-08,others,356.94
2018-03-08,groceries,23.796
2018-03-08,groceries,23.796
2018-03-08,others,661.0
2018-03-07,others,13.22
2018-03-07,groceries,19.830000000000002
2018-03-06,others,113.69200000000001
2018-03-06,others,14.542000000000002
2018-03-06,others,2.644
2018-03-06,others,2313.5
2018-03-06,groceries,23.796
2018-03-06,others,33.050000000000004
2018-03-06,others,33.050000000000004
2018-03-05,groceries,13.22
2018-03-05,groceries,107.08200000000001
2018-03-05,others,896.9770000000001
2018-03-05,others,642.4920000000001
2018-03-05,others,6.61
2018-03-04,others,297.45
2018-03-04,groceries,85.93
2018-03-03,others,51.558
2018-03-03,groceries,23.796
2018-03-02,groceries,9.915000000000001
2018-03-01,groceries,124.929
2018-03-01,groceries,23.796
2018-03-01,others,6610.0
2018-03-01,others,1322.0
2018-03-01,others,6610.0
2018-02-28,groceries,29.745
2018-02-28,groceries,23.796
2018-02-28,groceries,19.830000000000002
2018-02-28,groceries,11.898
2018-02-28,others,42671.516
2018-02-27,others,25.118000000000002
2018-02-27,groceries,19.830000000000002
2018-02-26,groceries,48.253
2018-02-26,others,92.54
2018-02-26,transportation,292.82300000000004
2018-02-26,groceries,11.237
2018-02-24,groceries,26.44
2018-02-23,others,84.608
2018-02-23,groceries,13.22
2018-02-23,groceries,47.592
2018-02-22,others,103.777
2018-02-22,groceries,13.22
2018-02-22,groceries,13.22
2018-02-22,groceries,126.912
2018-02-22,others,7299.423000000001
2018-02-20,others,1718.6000000000001
2018-02-19,others,112.37
2018-02-19,others,112.37
2018-02-19,groceries,47.592
2018-02-19,groceries,15.864
2018-02-17,groceries,1178.563
2018-02-17,others,2378.2780000000002
2018-02-17,transportation,13.22
2018-02-17,groceries,19.830000000000002
2018-02-16,groceries,29.745
2018-02-16,groceries,29.745
2018-02-16,groceries,47.592
2018-02-15,groceries,23.135
2018-02-15,groceries,19.830000000000002
2018-02-15,others,77.337
2018-02-14,groceries,39.660000000000004
2018-02-13,groceries,16.525000000000002
2018-02-13,groceries,23.135
2018-02-13,groceries,47.592
2018-02-13,groceries,47.592
2018-02-13,others,3305.0
2018-02-13,others,3305.0
2018-02-12,groceries,23.796
2018-02-12,groceries,19.830000000000002
2018-02-12,groceries,107.08200000000001
2018-02-11,transportation,19.830000000000002
2018-02-11,groceries,155.335
2018-02-11,groceries,9.915000000000001
2018-02-11,transportation,26.44
2018-02-11,transportation,9.915000000000001
2018-02-10,groceries,3189.3250000000003
2018-02-10,groceries,45.609
2018-02-09,others,64.778
2018-02-08,groceries,23.135
2018-02-08,groceries,16.525000000000002
2018-02-08,groceries,45.609
2018-02-07,others,661.0
2018-02-06,others,206.232
2018-02-05,others,330.5
2018-02-05,groceries,145.42000000000002
2018-02-05,groceries,29.745
2018-02-05,groceries,45.609
2018-02-04,groceries,298.772
2018-02-04,groceries,33.050000000000004
2018-02-04,groceries,23.135
2018-02-03,groceries,6.61
2018-02-03,transportation,624.645
2018-02-03,others,3.966
2018-02-02,groceries,54.202000000000005
2018-02-02,groceries,1874.596
2018-02-02,others,3.966
2018-02-02,others,112.37
2018-02-01,groceries,19.830000000000002
2018-02-01,groceries,9.915000000000001
2018-02-01,groceries,33050.0
2018-02-01,others,6610.0
2018-02-01,others,1322.0
2018-02-01,others,1322.0
2018-02-01,others,6610.0
2018-01-31,groceries,211.52
2018-01-31,transportation,33.050000000000004
2018-01-31,others,42724.396
2018-01-31,groceries,45.609
2018-01-30,others,6.61
2018-01-30,groceries,13.22
2018-01-30,groceries,6610.0
2018-01-30,others,66.10000000000001
2018-01-29,groceries,29.745
2018-01-29,groceries,27.762
2018-01-29,groceries,45.609
2018-01-28,groceries,15.864
2018-01-28,others,645.7309
2018-01-28,others,505.004
2018-01-27,transportation,28423.0
2018-01-27,groceries,19830.0
2018-01-26,transportation,9.915000000000001
2018-01-26,transportation,13.22
2018-01-26,others,666.9490000000001
2018-01-26,groceries,13.22
2018-01-26,groceries,45.609
2018-01-26,groceries,16.525000000000002
2018-01-26,others,25.118000000000002
2018-01-25,groceries,46.27
2018-01-24,others,64.20954
2018-01-24,groceries,23.135
2018-01-23,others,180.453
2018-01-22,groceries,9.254000000000001
2018-01-22,groceries,107.08200000000001
2018-01-22,others,19.830000000000002
2018-01-22,groceries,45.609
2018-01-21,groceries,253.824
2018-01-20,others,1.322
2018-01-20,groceries,6.61
2018-01-20,groceries,29.745
2018-01-20,others,118.319
2018-01-19,groceries,11.237
2018-01-19,others,35.033
2018-01-19,groceries,13.22
2018-01-19,others,30.406000000000002
2018-01-18,transportation,33050.0
2018-01-18,groceries,144.75900000000001
2018-01-18,groceries,27.762
2018-01-18,groceries,45.609
2018-01-16,others,109.06500000000001
2018-01-16,groceries,45.609
2018-01-16,others,196.978
2018-01-15,groceries,187.72400000000002
2018-01-15,groceries,25.118000000000002
2018-01-15,transportation,26.44
2018-01-15,transportation,175.82600000000002
2018-01-14,transportation,26.44
2018-01-14,others,527.4780000000001
2018-01-14,transportation,13.22
2018-01-14,transportation,16.525000000000002
2018-01-14,others,131.53900000000002
2018-01-14,transportation,15.203000000000001
2018-01-14,transportation,26.44
2018-01-14,transportation,9.915000000000001
2018-01-13,others,489.14000000000004
2018-01-13,others,52.88
2018-01-13,others,3305.0
2018-01-13,others,3305.0
2018-01-12,others,149.386
2018-01-12,others,330.5
2018-01-12,groceries,13220.0
2018-01-12,others,661.0
2018-01-11,groceries,27.762
2018-01-11,groceries,45.609
2018-01-10,groceries,26.44
2018-01-09,groceries,22.474
2018-01-09,groceries,45.609
2018-01-08,groceries,13.22
2018-01-08,others,1322.0
2018-01-08,others,924.739
2018-01-08,groceries,68.744
2018-01-08,others,109.06500000000001
2018-01-07,groceries,13.22
2018-01-07,transportation,13.22
2018-01-07,others,661.0
2018-01-06,others,535.4100000000001
2018-01-06,others,25.118000000000002
2018-01-06,others,66.10000000000001
2018-01-06,groceries,13.22
2018-01-06,groceries,45.609
2018-01-05,others,3998.389
2018-01-04,others,178.47
2018-01-04,others,85.93
2018-01-04,groceries,46.27
2018-01-04,others,3305.0
2018-01-04,others,3305.0
2018-01-04,others,33.050000000000004
2018-01-04,others,74941.53600000001
2018-01-04,others,70644.375
2018-01-03,groceries,450.141
2018-01-03,transportation,661.0
2018-01-03,groceries,26.44
2018-01-03,groceries,45.609
2018-01-02,others,753.5400000000001
2018-01-02,others,104.438
2018-01-01,others,318.60200000000003
2018-01-01,groceries,9.915000000000001
2018-01-01,others,395.939
2018-01-01,groceries,45.609
2018-01-01,others,19830.0
2018-01-01,others,1322.0
2018-01-01,others,1322.0
2018-01-01,others,6610.0
2017-12-31,groceries,19.830000000000002
2017-12-31,others,42715.803
2017-12-31,others,392.634
2017-12-30,groceries,16.525000000000002
2017-12-29,others,297.45
2017-12-29,groceries,19.830000000000002
2017-12-29,others,120.302
2017-12-29,groceries,3.305
2017-12-29,others,119.641
2017-12-28,groceries,6.61
2017-12-27,groceries,46.27
2017-12-26,others,165250.0
2017-12-26,others,99150.0
2017-12-26,others,1156.0890000000002
2017-12-25,others,103.116
2017-12-25,others,119.641
2017-12-25,transportation,52.88
2017-12-24,transportation,19.830000000000002
2017-12-24,others,901.604
2017-12-24,groceries,16.525000000000002
2017-12-24,others,66.10000000000001
2017-12-24,groceries,23.135
2017-12-23,others,527.4780000000001
2017-12-22,groceries,251.18
2017-12-22,others,661.0
2017-12-21,groceries,9.915000000000001
2017-12-21,others,77.998
2017-12-21,groceries,42.965
2017-12-21,groceries,46.27
2017-12-20,groceries,62.795
2017-12-20,others,18772.4
2017-12-19,others,3.966
2017-12-19,others,330.5
2017-12-19,groceries,29.745
2017-12-19,others,72.02256
2017-12-19,transportation,6.61
2017-12-19,groceries,45.609
2017-12-18,others,206.232
2017-12-17,groceries,333.805
2017-12-17,transportation,19.830000000000002
2017-12-17,others,580.3580000000001
2017-12-17,groceries,13.22
2017-12-17,transportation,16.525000000000002
2017-12-17,transportation,13.22
2017-12-17,transportation,9.915000000000001
2017-12-16,groceries,45.609
2017-12-15,others,6.61
2017-12-15,groceries,9.915000000000001
2017-12-14,others,1983.0
2017-12-14,groceries,95.845
2017-12-13,others,64.778
2017-12-13,others,13.22
2017-12-13,groceries,45.609
2017-12-12,groceries,26.44
2017-12-12,groceries,66.10000000000001
2017-12-12,groceries,52.88
2017-12-12,others,661.0
2017-12-10,groceries,59.49
2017-12-10,groceries,204.91
2017-12-10,groceries,16.525000000000002
2017-12-10,groceries,42.965
2017-12-09,groceries,56.185
2017-12-08,groceries,269.688
2017-12-07,groceries,45.609
2017-12-07,others,661.0
2017-12-06,groceries,82.625
2017-12-05,others,66.10000000000001
2017-12-05,others,1784.7
2017-12-05,others,661.0
2017-12-04,others,619.3570000000001
2017-12-04,others,654.39
2017-12-04,groceries,79.32000000000001
2017-12-04,others,9310.846
2017-12-04,others,3.966
2017-12-04,groceries,23.135
2017-12-04,groceries,33.050000000000004
2017-12-04,groceries,45.609
2017-12-04,others,72.71000000000001
2017-12-03,groceries,19.830000000000002
2017-12-03,groceries,191.69
2017-12-03,others,13.22
2017-12-03,others,105.76
2017-12-02,groceries,23.135
2017-12-02,groceries,45.609
2017-12-01,groceries,82.625
2017-12-01,others,3.966
2017-12-01,groceries,45.609
2017-12-01,others,1322.0
2017-12-01,others,1322.0
2017-12-01,others,66100.0
2017-12-01,others,26440.0
2017-12-01,others,661.0
2017-12-01,others,661.0
2017-11-30,others,14.542000000000002
2017-11-30,others,528.8000000000001
2017-11-30,others,15004.7
2017-11-30,others,6610.0
2017-11-30,others,51.11513
2017-11-30,others,33.050000000000004
2017-11-30,others,42724.396
2017-11-28,groceries,59.49
2017-11-28,groceries,27.762
2017-11-28,groceries,11.898
2017-11-28,others,76.015
2017-11-28,groceries,92.54
2017-11-28,groceries,45.609
2017-11-27,others,661.0
2017-11-27,others,4.627000000000001
2017-11-27,transportation,19.830000000000002
2017-11-27,transportation,19.830000000000002
2017-11-27,transportation,3.305
2017-11-27,others,1784.039
2017-11-26,others,5.288
2017-11-26,transportation,26.44
2017-11-26,others,105.099
2017-11-26,transportation,26.44
2017-11-26,others,264.40000000000003
2017-11-26,transportation,6.61
2017-11-25,others,103.116
2017-11-25,groceries,45.609
2017-11-25,others,59.49
2017-11-25,groceries,6.61
2017-11-24,others,207.554
2017-11-23,groceries,15.203000000000001
2017-11-23,groceries,11.237
2017-11-23,groceries,13.881
2017-11-23,groceries,45.609
2017-11-22,others,661.0
2017-11-22,others,7299.423000000001
2017-11-20,groceries,46.27
2017-11-20,others,132.20000000000002
2017-11-19,groceries,13.22
2017-11-19,transportation,19.830000000000002
2017-11-19,transportation,13.22
2017-11-19,transportation,19.830000000000002
2017-11-19,others,288.196
2017-11-18,others,159.96200000000002
2017-11-18,groceries,25.779
2017-11-18,others,97.167
2017-11-18,others,627.95
2017-11-18,groceries,68.744
2017-11-17,groceries,69.405
2017-11-17,others,52.88
2017-11-17,groceries,18.508000000000003
2017-11-16,groceries,46.27
2017-11-15,groceries,346.36400000000003
2017-11-15,others,138.149
2017-11-15,others,29.745
2017-11-15,groceries,16.525000000000002
2017-11-15,others,62.795
2017-11-14,groceries,82.625
2017-11-14,others,508.97
2017-11-14,groceries,105.76
2017-11-13,others,118.98
2017-11-13,groceries,46.27
2017-11-13,groceries,33.050000000000004
2017-11-13,others,177.148
2017-11-13,groceries,39.660000000000004
2017-11-12,transportation,19.830000000000002
2017-11-12,groceries,1008.0250000000001
2017-11-12,groceries,7.932
2017-11-12,others,85.93
2017-11-12,others,79.32000000000001
2017-11-12,others,2439.09
2017-11-12,transportation,22.474
2017-11-12,transportation,19.830000000000002
2017-11-12,transportation,26.44
2017-11-11,groceries,25.779
2017-11-11,groceries,17.186
2017-11-10,others,661.0
2017-11-09,others,47.592
2017-11-09,others,13.22
2017-11-09,others,44.287
2017-11-09,others,66.10000000000001
2017-11-09,groceries,26.44
2017-11-09,groceries,46.27
2017-11-08,others,356.279
2017-11-08,others,3.966
2017-11-08,groceries,85.93
2017-11-07,groceries,46.27
2017-11-07,others,661.0
2017-11-06,groceries,25.779
2017-11-05,transportation,9.915000000000001
2017-11-05,others,132.20000000000002
2017-11-05,others,661.0
2017-11-03,others,1322.0
2017-11-03,others,1784.7
2017-11-02,groceries,13.22
2017-11-02,others,85.93
2017-11-01,others,195.656
2017-11-01,others,51754.978
2017-11-01,others,661.0
2017-11-01,others,661.0
2017-11-01,others,6610.0
2017-11-01,others,6610.0
2017-10-29,others,195.656
2017-10-29,others,195.656
2017-10-29,others,525.81889
2017-10-27,transportation,26.44
2017-10-26,transportation,33.050000000000004
2017-10-26,others,33.050000000000004
2017-10-26,others,6.61
2017-10-26,others,330.5
2017-10-25,others,1983.0
2017-10-24,others,195.656
2017-10-24,groceries,6.61
2017-10-23,others,5.949
2017-10-23,others,145.42000000000002
2017-10-23,others,132.20000000000002
2017-10-23,others,65.43900000000001
2017-10-23,others,17.847
2017-10-23,others,33.050000000000004
2017-10-23,others,126.251
2017-10-22,transportation,33.050000000000004
2017-10-22,others,661.0
2017-10-21,others,1247.968
2017-10-21,groceries,21.813000000000002
2017-10-21,others,1322.0
2017-10-20,others,132.20000000000002
2017-10-20,others,13.22
2017-10-19,groceries,16.525000000000002
2017-10-18,transportation,881.113
2017-10-18,transportation,813.691
2017-10-17,others,1983.0
2017-10-13,others,46.27
2017-10-11,others,6610.0
2017-10-11,transportation,435.3346
2017-10-10,others,9.254000000000001
2017-10-10,groceries,99150.0
2017-10-10,others,661.0
2017-10-09,groceries,152.03
2017-10-09,groceries,185.08
2017-10-09,others,3728.04
2017-10-08,others,4296.5
2017-10-08,others,2113.878
2017-10-07,others,661.0
2017-10-06,others,309.348
2017-10-05,others,132.20000000000002
2017-10-05,others,661.0
2017-10-04,others,1784.7
2017-10-04,others,33.050000000000004
2017-10-04,others,264.40000000000003
2017-10-02,others,2019.355
2017-10-02,others,1322.0
2017-10-01,others,98.489
2017-10-01,others,661.0
2017-10-01,others,661.0
2017-10-01,others,6610.0
2017-10-01,others,6610.0
2017-09-30,others,38.999
2017-09-30,others,102.455
2017-09-30,groceries,89.235
2017-09-30,groceries,19.830000000000002
2017-09-30,others,396.6
2017-09-30,others,40703.058000000005
2017-09-30,others,514.258
2017-09-29,others,39.660000000000004
2017-09-29,groceries,16.525000000000002
2017-09-29,groceries,6.61
2017-09-29,others,13.881
2017-09-28,others,142.115
2017-09-28,transportation,1578.468
2017-09-27,others,206.232
2017-09-27,others,3.966
2017-09-27,others,220.774
2017-09-25,groceries,19.830000000000002
2017-09-25,groceries,198.3
2017-09-24,transportation,19.830000000000002
2017-09-24,transportation,6.61
2017-09-24,others,370.16
2017-09-24,groceries,185.08
2017-09-24,others,66.10000000000001
2017-09-23,groceries,66.10000000000001
2017-09-22,others,661.0
2017-09-21,others,6.61
2017-09-21,transportation,9.915000000000001
2017-09-21,groceries,9.915000000000001
2017-09-21,groceries,6.61
2017-09-21,transportation,19.830000000000002
2017-09-21,others,46.27
2017-09-20,others,13.22
2017-09-20,others,66.10000000000001
2017-09-20,others,13.22
2017-09-18,others,36.355000000000004
2017-09-18,groceries,39.660000000000004
2017-09-18,groceries,36.355000000000004
2017-09-17,others,75.354
2017-09-17,others,99.811
2017-09-17,others,368.838
2017-09-17,groceries,23.135
2017-09-17,groceries,65.43900000000001
2017-09-15,groceries,39.660000000000004
2017-09-15,groceries,85.93
2017-09-15,groceries,36.355000000000004
2017-09-15,others,246.55300000000003
2017-09-15,others,99.15
2017-09-15,transportation,925.4000000000001
2017-09-15,groceries,15.864
2017-09-15,groceries,33.050000000000004
2017-09-15,groceries,43.626000000000005
2017-09-14,groceries,186.40200000000002
2017-09-14,others,66.10000000000001
2017-09-13,groceries,72.71000000000001
2017-09-12,others,3.305
2017-09-12,groceries,43.626000000000005
2017-09-11,transportation,39.660000000000004
2017-09-11,transportation,1717.278
2017-09-11,others,1652.5
2017-09-11,others,3.966
2017-09-11,groceries,188.38500000000002
2017-09-11,transportation,66.10000000000001
2017-09-11,transportation,19.830000000000002
2017-09-11,groceries,61.473000000000006
2017-09-10,others,339.754
2017-09-10,others,661.0
2017-09-09,others,29.745
2017-09-08,transportation,951.84
2017-09-08,groceries,129.556
2017-09-07,others,661.0
2017-09-06,others,330.5
2017-09-06,others,13.22
2017-09-06,groceries,92.54
2017-09-05,others,1784.7
2017-09-05,others,33.050000000000004
2017-09-05,others,661.0
2017-09-04,groceries,26.44
2017-09-03,others,9.915000000000001
2017-09-03,others,112.37
2017-09-01,others,542.02
2017-09-01,groceries,43.626000000000005
2017-09-01,others,661.0
2017-09-01,others,661.0
2017-09-01,others,6610.0
2017-09-01,others,6610.0
2017-08-31,others,11.6997
2017-08-31,others,39.660000000000004
2017-08-31,others,6.61
2017-08-31,others,3.305
2017-08-31,others,16.525000000000002
2017-08-31,others,3.305
2017-08-31,others,9.254000000000001
2017-08-31,groceries,65.43900000000001
2017-08-30,others,14.542000000000002
2017-08-30,others,40703.058000000005
2017-08-29,transportation,423.04
2017-08-28,others,132.20000000000002
2017-08-28,groceries,13.22
2017-08-27,others,66.10000000000001
2017-08-27,others,38.999
2017-08-27,transportation,132.20000000000002
2017-08-26,groceries,3.305
2017-08-26,others,40819.394
2017-08-25,others,25.779
2017-08-24,transportation,26.44
2017-08-24,groceries,214.82500000000002
2017-08-24,others,1983.0
2017-08-24,others,3437.2000000000003
2017-08-23,groceries,198.3
2017-08-23,transportation,561.85
2017-08-22,others,3305.0
2017-08-22,others,198.3
2017-08-22,others,7299.423000000001
2017-08-22,others,661.0
2017-08-21,others,185.08
2017-08-21,others,33.050000000000004
2017-08-21,groceries,21.813000000000002
2017-08-21,others,52.88
2017-08-21,others,17.847
2017-08-20,groceries,109.726
2017-08-20,groceries,333.144
2017-08-20,transportation,39.660000000000004
2017-08-20,transportation,238.621
2017-08-20,transportation,16.525000000000002
2017-08-20,transportation,39.660000000000004
2017-08-20,transportation,19.830000000000002
2017-08-20,others,31.728
2017-08-20,others,157.979
2017-08-20,others,376.10900000000004
2017-08-19,others,39.660000000000004
2017-08-19,others,13.22
2017-08-19,others,29.745
2017-08-19,others,143.437
2017-08-18,others,66.10000000000001
2017-08-17,others,674.22
2017-08-17,others,58.168000000000006
2017-08-17,groceries,29.745
2017-08-15,others,925.4000000000001
2017-08-15,groceries,65.43900000000001
2017-08-14,others,211.52
2017-08-14,others,74.03200000000001
2017-08-12,others,528.8000000000001
2017-08-12,transportation,1100.565
2017-08-11,others,330.5
2017-08-11,transportation,310.67
2017-08-11,transportation,66.10000000000001
2017-08-11,transportation,218.13000000000002
2017-08-11,transportation,39.660000000000004
2017-08-10,others,50.236000000000004
2017-08-10,groceries,43.626000000000005
2017-08-10,others,1.983
2017-08-10,others,661.0
2017-08-09,others,3.966
2017-08-09,others,144.098
2017-08-09,others,82.625
2017-08-08,others,28423.0
2017-08-08,groceries,43.626000000000005
2017-08-07,others,3.966
2017-08-07,others,3305.0
2017-08-07,groceries,21.813000000000002
2017-08-07,others,661.0
2017-08-06,others,3.966
2017-08-06,others,14.542000000000002
2017-08-06,others,112.37
2017-08-06,others,199.622
2017-08-06,groceries,3.305
2017-08-06,groceries,16.525000000000002
2017-08-05,others,600.849
2017-08-05,others,756.845
2017-08-05,others,653.729
2017-08-05,others,17.847
2017-08-05,others,66.10000000000001
2017-08-05,others,4091.59
2017-08-05,others,661.0
2017-08-04,others,7.271000000000001
2017-08-04,others,1982.3390000000002
2017-08-04,groceries,44.948
2017-08-03,others,112.37
2017-08-02,others,1784.7
2017-08-02,groceries,9.254000000000001
2017-08-02,groceries,43.626000000000005
2017-08-01,others,263.73900000000003
2017-08-01,others,6.61
2017-08-01,others,661.0
2017-08-01,others,661.0
2017-08-01,others,6610.0
2017-08-01,others,6610.0
2017-07-31,groceries,66.10000000000001
2017-07-31,transportation,42.965
2017-07-31,groceries,14.542000000000002
2017-07-30,others,3.966
2017-07-30,groceries,13.22
2017-07-30,transportation,591.595
2017-07-30,others,661.0
2017-07-30,others,1983.0
2017-07-30,groceries,66.10000000000001
2017-07-30,transportation,13.22
2017-07-30,others,40703.058000000005
2017-07-29,groceries,42.304
2017-07-29,others,367.516
2017-07-29,transportation,64.117
2017-07-28,transportation,19.830000000000002
2017-07-28,others,110.387
2017-07-28,others,2016.0500000000002
2017-07-28,transportation,13.22
2017-07-28,transportation,19.830000000000002
2017-07-27,groceries,142.115
2017-07-27,groceries,134.183
2017-07-27,others,132.20000000000002
2017-07-27,others,26655.486
2017-07-27,others,26655.486
2017-07-26,others,12790.35
2017-07-25,others,13220.0
2017-07-24,groceries,163.928
2017-07-24,groceries,14.542000000000002
2017-07-24,groceries,42.304
2017-07-23,others,132.20000000000002
2017-07-23,others,1364.9650000000001
2017-07-23,groceries,34.372
2017-07-22,groceries,42.304
2017-07-21,others,661.0
2017-07-21,others,661.0
2017-07-21,groceries,21.813000000000002
2017-07-20,groceries,58.168000000000006
2017-07-20,groceries,33.050000000000004
2017-07-20,others,1682.2450000000001
2017-07-20,groceries,21.152
2017-07-19,groceries,14.542000000000002
2017-07-19,groceries,21.152
2017-07-18,groceries,13.22
2017-07-18,groceries,46.27
2017-07-18,groceries,28.423000000000002
2017-07-18,groceries,23.135
2017-07-18,others,158.64000000000001
2017-07-18,others,356.94
2017-07-18,others,16.525000000000002
2017-07-18,groceries,36.355000000000004
2017-07-17,transportation,19.830000000000002
2017-07-17,others,41.643
2017-07-17,groceries,39.660000000000004
2017-07-17,groceries,356.94
2017-07-17,transportation,26.44
2017-07-15,groceries,16.525000000000002
2017-07-15,groceries,21.152
2017-07-14,groceries,9.915000000000001
2017-07-12,others,3.966
2017-07-12,others,66100.0
2017-07-12,others,330.5
2017-07-12,groceries,42.304
2017-07-11,groceries,9.915000000000001
2017-07-11,others,6.61
2017-07-11,others,3305.0
2017-07-11,others,13220.0
2017-07-11,others,991.5
2017-07-10,groceries,33.050000000000004
2017-07-10,others,661.0
2017-07-09,others,1932.103
2017-07-09,groceries,13.22
2017-07-09,groceries,13.22
2017-07-09,transportation,7.932
2017-07-09,transportation,52.88
2017-07-09,transportation,19.830000000000002
2017-07-08,groceries,19.830000000000002
2017-07-08,groceries,17.186
2017-07-08,groceries,42.304
2017-07-07,others,661.0
2017-07-06,others,33050.0
2017-07-05,groceries,76.015
2017-07-05,groceries,66.10000000000001
2017-07-05,groceries,118.98
2017-07-05,others,33050.0
2017-07-05,others,33050.0
2017-07-05,groceries,29.745
2017-07-05,others,661.0
2017-07-04,groceries,16.525000000000002
2017-07-04,others,1784.7
2017-07-04,transportation,39.660000000000004
2017-07-04,groceries,23.135
2017-07-04,groceries,42.304
2017-07-03,others,3.305
2017-07-03,others,112.37
2017-07-02,groceries,92.54
2017-07-01,others,66.10000000000001
2017-07-01,transportation,1130.971
2017-07-01,others,661.0
2017-07-01,others,661.0
2017-07-01,others,6610.0
2017-07-01,others,6610.0
2017-06-30,others,3172.8
2017-06-30,others,575.07
2017-06-30,others,37648.577000000005
2017-06-29,others,39.660000000000004
2017-06-29,transportation,33.050000000000004
2017-06-28,transportation,19.830000000000002
2017-06-28,transportation,19.830000000000002
2017-06-28,groceries,123.27650000000001
2017-06-28,groceries,9.915000000000001
2017-06-28,others,991.5
2017-06-28,others,1322.0
2017-06-27,others,661.0
2017-06-27,others,132200.0
2017-06-27,others,7.932
2017-06-26,groceries,15.864
2017-06-26,groceries,13.22
2017-06-26,groceries,42.304
2017-06-25,transportation,6.61
2017-06-24,groceries,42.304
2017-06-23,groceries,23.135
2017-06-23,others,389.99
2017-06-22,groceries,42.304
2017-06-22,others,1054.295
2017-06-22,groceries,172.52100000000002
2017-06-22,transportation,13.22
2017-06-22,transportation,19.830000000000002
2017-06-20,others,165.25
2017-06-19,groceries,39.660000000000004
2017-06-19,groceries,93.20100000000001
2017-06-19,groceries,52.88
2017-06-19,groceries,11.898
2017-06-19,groceries,42.304
2017-06-18,transportation,7.932
2017-06-18,transportation,9.915000000000001
2017-06-17,groceries,42.304
2017-06-16,others,90.557
2017-06-16,groceries,42.304
2017-06-15,others,33.050000000000004
2017-06-15,others,19.169
2017-06-13,groceries,42.304
2017-06-11,others,66.10000000000001
2017-06-11,groceries,42.304
2017-06-10,others,255.14600000000002
2017-06-10,transportation,331.161
2017-06-10,others,112.37
2017-06-10,others,661.0
2017-06-10,others,661.0
2017-06-08,transportation,19.830000000000002
2017-06-08,transportation,19.830000000000002
2017-06-08,others,502.36
2017-06-08,groceries,23.135
2017-06-08,groceries,42.304
2017-06-08,groceries,23.135
2017-06-07,others,17.186
2017-06-07,others,661.0
2017-06-06,others,1.983
2017-06-06,groceries,26.44
2017-06-06,groceries,42.304
2017-06-05,groceries,118.98
2017-06-05,groceries,13.22
2017-06-05,others,11.898
2017-06-05,others,125.59
2017-06-05,others,1652.5
2017-06-05,others,661.0
2017-06-05,others,661.0
2017-06-04,groceries,16.525000000000002
2017-06-04,groceries,42.304
2017-06-03,groceries,13.22
2017-06-03,others,176.487
2017-06-03,groceries,160.58995
2017-06-03,others,1784.7661
2017-06-02,groceries,13.22
2017-06-02,groceries,93.20100000000001
2017-06-01,groceries,15.864
2017-06-01,groceries,42.965
2017-06-01,others,66.10000000000001
2017-06-01,others,6610.0
2017-06-01,others,661.0
2017-06-01,others,6610.0
2017-05-31,others,432.95500000000004
2017-05-31,others,37657.17
2017-05-30,groceries,16.525000000000002
2017-05-30,transportation,19.830000000000002
2017-05-30,groceries,26.44
2017-05-30,groceries,79.32000000000001
2017-05-30,others,181.775
2017-05-30,groceries,22.474
2017-05-30,transportation,52.88
2017-05-30,transportation,19.830000000000002
2017-05-29,groceries,23.135
2017-05-29,others,19.830000000000002
2017-05-29,groceries,42.304
2017-05-28,others,658.356
2017-05-28,groceries,15.864
2017-05-28,groceries,29.745
2017-05-28,groceries,92.54
2017-05-28,groceries,19.830000000000002
2017-05-28,groceries,39.660000000000004
2017-05-28,groceries,46.27
2017-05-27,groceries,42.304
2017-05-27,others,13.22
2017-05-27,groceries,13.22
2017-05-25,groceries,19.830000000000002
2017-05-25,transportation,9.915000000000001
2017-05-24,others,172.52100000000002
2017-05-24,groceries,9.915000000000001
2017-05-24,transportation,19.830000000000002
2017-05-24,groceries,42.304
2017-05-23,groceries,16.525000000000002
2017-05-23,others,30.406000000000002
2017-05-23,others,49.575
2017-05-22,groceries,58.168000000000006
2017-05-22,others,33.050000000000004
2017-05-22,groceries,26.44
2017-05-22,groceries,9.915000000000001
2017-05-22,others,7299.423000000001
2017-05-21,transportation,19.830000000000002
2017-05-21,transportation,19.830000000000002
2017-05-21,groceries,15.864
2017-05-21,transportation,13.22
2017-05-21,others,172.52100000000002
2017-05-18,groceries,144.75900000000001
2017-05-18,groceries,6.61
2017-05-18,groceries,39.660000000000004
2017-05-18,groceries,29.745
2017-05-18,groceries,16.525000000000002
2017-05-18,others,33.050000000000004
2017-05-18,groceries,42.304
2017-05-18,groceries,6.61
2017-05-17,groceries,3.305
2017-05-17,groceries,65.43900000000001
2017-05-17,groceries,138.81
2017-05-17,groceries,6.61
2017-05-16,groceries,6.61
2017-05-16,others,163.267
2017-05-16,groceries,154.674
2017-05-16,groceries,3.305
2017-05-15,others,251.18
2017-05-15,groceries,66.10000000000001
2017-05-15,groceries,23.135
2017-05-14,others,33.050000000000004
2017-05-14,groceries,159.96200000000002
2017-05-13,groceries,159.96200000000002
2017-05-13,groceries,6.61
2017-05-13,groceries,13.22
2017-05-13,groceries,3.305
2017-05-13,groceries,23.135
2017-05-12,groceries,6.61
2017-05-12,groceries,13.22
2017-05-12,groceries,6.61
2017-05-12,others,3305.0
2017-05-11,groceries,154.013
2017-05-11,others,152.03
2017-05-11,groceries,6.61
2017-05-11,others,210.198
2017-05-10,others,66.10000000000001
2017-05-10,others,7.932
2017-05-10,others,15.864
2017-05-10,groceries,13.22
2017-05-10,groceries,82.625
2017-05-10,groceries,29.745
2017-05-10,groceries,22.474
2017-05-10,others,661.0
2017-05-10,others,661.0
2017-05-09,groceries,26.44
2017-05-09,groceries,6.61
2017-05-09,groceries,13.22
2017-05-09,groceries,29.745
2017-05-08,groceries,126.251
2017-05-08,groceries,23.135
2017-05-07,groceries,19.830000000000002
2017-05-07,groceries,64.778
2017-05-07,others,195.656
2017-05-07,groceries,29.745
2017-05-07,others,661.0
2017-05-06,groceries,16.525000000000002
2017-05-06,groceries,13.22
2017-05-06,groceries,6.61
2017-05-06,groceries,218.13000000000002
2017-05-05,groceries,29.745
2017-05-05,groceries,13.22
2017-05-05,groceries,21.813000000000002
2017-05-05,others,661.0
2017-05-05,others,661.0
2017-05-04,others,195.656
2017-05-03,transportation,9.915000000000001
2017-05-03,transportation,39.660000000000004
2017-05-03,transportation,19.830000000000002
2017-05-03,transportation,6.61
2017-05-03,others,5833.325000000001
2017-05-03,others,1197.0710000000001
2017-05-03,transportation,727.1
2017-05-03,others,1784.7661
2017-05-02,others,26.44
2017-05-02,others,1600.2810000000002
2017-05-02,groceries,13.22
2017-05-02,groceries,42.304
2017-05-01,others,661.0
2017-05-01,groceries,212.181
2017-05-01,transportation,19.830000000000002
2017-05-01,transportation,6.61
2017-05-01,transportation,19.830000000000002
2017-05-01,others,263.73900000000003
2017-05-01,others,395.939
2017-05-01,others,66.10000000000001
2017-05-01,groceries,31.067
2017-05-01,others,6610.0
2017-05-01,others,6610.0
2017-04-30,groceries,6.61
2017-04-30,others,37648.577000000005
2017-04-30,transportation,19.830000000000002
2017-04-30,groceries,16.525000000000002
2017-04-30,groceries,146.08100000000002
2017-04-30,groceries,72.71000000000001
2017-04-30,groceries,11.237
2017-04-30,groceries,42.304
2017-04-28,groceries,19.830000000000002
2017-04-28,others,98.489
2017-04-27,groceries,42.304
2017-04-26,others,254.485
2017-04-25,groceries,15.864
2017-04-25,transportation,6.61
2017-04-25,transportation,13.22
2017-04-25,transportation,19.830000000000002
2017-04-25,groceries,42.304
2017-04-24,others,112.37
2017-04-23,groceries,9.915000000000001
2017-04-23,groceries,26.44
2017-04-22,groceries,13.22
2017-04-22,transportation,19.830000000000002
2017-04-22,groceries,135.505
2017-04-21,others,26.44
2017-04-21,others,172.52100000000002
2017-04-20,others,410.93048
2017-04-20,groceries,42.304
2017-04-18,groceries,13.22
2017-04-18,groceries,42.304
2017-04-17,groceries,711.236
2017-04-17,others,989.517
2017-04-16,others,126.912
2017-04-14,others,3305.0
2017-04-12,groceries,82.625
2017-04-10,groceries,13.22
2017-04-10,others,661.0
2017-04-10,others,661.0
2017-04-07,others,661.0
2017-04-06,transportation,141.1896
2017-04-05,others,661.0
2017-04-05,others,661.0
2017-04-04,groceries,29.745
2017-04-03,groceries,39.660000000000004
2017-04-03,others,1784.7661
2017-04-01,groceries,26.44
2017-04-01,groceries,6.61
2017-04-01,groceries,34.372
2017-04-01,others,6610.0
2017-04-01,others,6610.0
2017-03-31,others,37083.422
2017-03-31,transportation,39.660000000000004
2017-03-31,transportation,19.830000000000002
2017-03-31,transportation,19.830000000000002
2017-03-31,groceries,327.195
2017-03-31,transportation,9.915000000000001
2017-03-31,others,1652.5
2017-03-31,transportation,9.915000000000001
2017-03-31,transportation,19.830000000000002
2017-03-30,others,335.788
2017-03-30,others,161.94500000000002
2017-03-28,groceries,7.932
2017-03-27,others,171.86
2017-03-27,groceries,39.660000000000004
2017-03-26,others,519.546
2017-03-26,groceries,39.660000000000004
2017-03-25,groceries,13.22
2017-03-25,others,3.966
2017-03-25,others,19.169
2017-03-25,others,72.71000000000001
2017-03-25,transportation,594.9
2017-03-25,others,99.15
2017-03-25,groceries,39.660000000000004
2017-03-23,others,1983.0
2017-03-23,groceries,39.660000000000004
2017-03-23,others,990.839
2017-03-22,transportation,13.22
2017-03-22,transportation,33.050000000000004
2017-03-22,others,330.5
2017-03-22,transportation,21.813000000000002
2017-03-22,transportation,11.898
2017-03-22,transportation,13.22
2017-03-22,transportation,19.830000000000002
2017-03-22,transportation,396.6
2017-03-20,others,297.45
2017-03-19,others,195.656
2017-03-18,groceries,37.677
2017-03-18,groceries,105.76
2017-03-18,groceries,204.91
2017-03-16,others,46.27
2017-03-16,others,1864.02
2017-03-15,others,33.050000000000004
2017-03-15,others,73.37100000000001
2017-03-15,groceries,26.44
2017-03-14,others,198.3
2017-03-13,groceries,66.10000000000001
2017-03-13,others,264.40000000000003
2017-03-13,others,66.10000000000001
2017-03-13,others,1057.6000000000001
2017-03-12,transportation,19.830000000000002
2017-03-12,groceries,26.44
2017-03-12,groceries,85.93
2017-03-12,others,290.84000000000003
2017-03-12,transportation,26.44
2017-03-12,transportation,19.830000000000002
2017-03-11,transportation,19.830000000000002
2017-03-11,transportation,13.22
2017-03-11,groceries,39.660000000000004
2017-03-11,groceries,132.20000000000002
2017-03-10,transportation,1057.58678
2017-03-10,others,195.656
2017-03-10,groceries,40.982
2017-03-10,groceries,47.592
2017-03-10,others,661.0
2017-03-10,others,661.0
2017-03-09,groceries,66.10000000000001
2017-03-09,groceries,66.10000000000001
2017-03-08,groceries,99.15
2017-03-07,groceries,125.59
2017-03-07,groceries,69.405
2017-03-07,groceries,13.22
2017-03-07,groceries,40.982
2017-03-07,others,661.0
2017-03-07,others,1784.7661
2017-03-06,groceries,40.982
2017-03-06,groceries,29.745
2017-03-05,others,6.61
2017-03-05,others,92.54
2017-03-05,groceries,627.289
2017-03-05,transportation,19.830000000000002
2017-03-05,groceries,19.830000000000002
2017-03-05,transportation,13.22
2017-03-05,transportation,19.830000000000002
2017-03-05,others,661.0
2017-03-05,others,661.0
2017-03-04,groceries,13.22
2017-03-03,groceries,97.828
2017-03-01,others,33.050000000000004
2017-03-01,others,6610.0
2017-03-01,others,6610.0
2017-02-28,transportation,26.44
2017-02-28,others,37029.881
2017-02-28,groceries,56.185
2017-02-28,transportation,19.830000000000002
2017-02-28,transportation,6.61
2017-02-28,transportation,7.932
2017-02-28,groceries,6.61
2017-02-28,others,264.40000000000003
2017-02-28,groceries,1600.2810000000002
2017-02-28,transportation,13.22
2017-02-28,groceries,19.830000000000002
2017-02-28,transportation,26.44
2017-02-28,transportation,19.830000000000002
2017-02-28,transportation,52.88
2017-02-28,transportation,37.677
2017-02-27,transportation,26.44
2017-02-27,transportation,19.830000000000002
2017-02-27,transportation,19.830000000000002
2017-02-27,groceries,58.168000000000006
2017-02-27,others,36.355000000000004
2017-02-27,groceries,50.236000000000004
2017-02-26,transportation,13.22
2017-02-26,transportation,19.830000000000002
2017-02-26,others,559.206
2017-02-26,others,237.96
2017-02-26,groceries,38.338
2017-02-25,others,5618.5
2017-02-25,others,1057.6000000000001
2017-02-25,others,608.12
2017-02-25,groceries,210.198
2017-02-25,others,66.10000000000001
2017-02-25,groceries,163.267
2017-02-24,groceries,49.575
2017-02-24,groceries,19.830000000000002
2017-02-24,groceries,66.10000000000001
2017-02-23,groceries,52.88
2017-02-22,others,19.830000000000002
2017-02-22,transportation,3635.5
2017-02-21,groceries,6.61
2017-02-19,others,15.203000000000001
2017-02-19,groceries,19.830000000000002
2017-02-19,others,16.525000000000002
2017-02-19,others,329.178
2017-02-18,others,330.5
2017-02-18,others,198.961
2017-02-16,others,264.40000000000003
2017-02-15,others,7460.046
2017-02-13,others,198.961
2017-02-12,others,561.85
2017-02-11,others,49.575
2017-02-11,groceries,6.61
2017-02-11,others,661.0
2017-02-10,others,661.0
2017-02-10,others,661.0
2017-02-08,others,990.839
2017-02-07,others,661.0
2017-02-06,groceries,19.830000000000002
2017-02-06,groceries,92.54
2017-02-06,groceries,128.895
2017-02-06,groceries,72.71000000000001
2017-02-05,transportation,26.44
2017-02-05,groceries,6.61
2017-02-05,transportation,218.13000000000002
2017-02-05,others,661.0
2017-02-05,others,661.0
2017-02-04,others,25.118000000000002
2017-02-04,groceries,39.660000000000004
2017-02-04,groceries,35.033
2017-02-04,groceries,19.830000000000002
2017-02-03,others,5.288
2017-02-03,groceries,272.49725
2017-02-03,groceries,7.932
2017-02-03,groceries,6.61
2017-02-03,groceries,33.050000000000004
2017-02-03,others,1784.7661
2017-02-02,groceries,766.76
2017-02-02,others,198.961
2017-02-01,others,198.961
2017-02-01,groceries,21.813000000000002
2017-02-01,others,6610.0
2017-02-01,others,6610.0
2017-01-31,others,41709.761
2017-01-31,groceries,23.135
2017-01-30,groceries,23.135
2017-01-30,groceries,9.915000000000001
2017-01-29,groceries,165.25
2017-01-29,groceries,39.660000000000004
2017-01-29,groceries,19.830000000000002
2017-01-29,groceries,23.135
2017-01-29,groceries,23.135
2017-01-29,transportation,19.830000000000002
2017-01-29,transportation,337.11
2017-01-29,transportation,19.830000000000002
2017-01-23,others,119.641
2017-01-23,others,428.98900000000003
2017-01-22,others,1322.0
2017-01-22,groceries,271.01
2017-01-21,others,98.489
2017-01-20,others,198.961
2017-01-19,groceries,13.22
2017-01-19,others,95.845
2017-01-16,transportation,26.44
2017-01-16,others,1586.4
2017-01-16,others,33.050000000000004
2017-01-15,groceries,92.54
2017-01-15,groceries,356.94
2017-01-11,groceries,29.745
2017-01-11,others,59.49
2017-01-10,others,661.0
2017-01-10,others,661.0
2017-01-10,groceries,105.76
2017-01-09,groceries,65.43900000000001
2017-01-09,others,52.88
2017-01-08,others,98.489
2017-01-08,transportation,33.050000000000004
2017-01-07,groceries,115.67500000000001
2017-01-07,transportation,33.050000000000004
2017-01-07,others,661.0
2017-01-06,transportation,923.0865
2017-01-06,groceries,194.334
2017-01-06,groceries,20.491
2017-01-06,others,132.20000000000002
2017-01-06,groceries,31.728
2017-01-05,others,661.0
2017-01-05,others,661.0
2017-01-05,others,66.10000000000001
2017-01-05,groceries,20.491
2017-01-05,others,198.961
2017-01-04,groceries,26.44
2017-01-03,others,1861.98412
2017-01-03,groceries,92.54
2017-01-03,groceries,33.050000000000004
2017-01-03,groceries,13.22
2017-01-03,groceries,20.491
2017-01-03,groceries,204.91
2017-01-03,groceries,46.27
2017-01-03,groceries,218.13000000000002
2017-01-03,others,264.40000000000003
2017-01-03,transportation,13.22
2017-01-03,transportation,19.830000000000002
2017-01-02,transportation,39.660000000000004
2017-01-02,others,72.71000000000001
2017-01-02,groceries,255.14600000000002
2017-01-01,groceries,337.11
2017-01-01,others,233.994
2017-01-01,groceries,26.44
2017-01-01,others,33.050000000000004
2017-01-01,groceries,224.74
2017-01-01,others,198.3
2017-01-01,others,6610.0
2017-01-01,others,66100.0
2016-12-31,groceries,50.897000000000006
2016-12-31,groceries,247.875
2016-12-31,groceries,16.525000000000002
2016-12-31,others,724.456
2016-12-31,others,15.864
2016-12-31,groceries,112.37
2016-12-31,others,37395.414000000004
2016-12-31,others,1861.3760000000002
2016-12-31,groceries,105.76
2016-12-30,transportation,66.10000000000001
2016-12-29,others,16.525000000000002
2016-12-29,groceries,6.61
2016-12-29,groceries,9.254000000000001
2016-12-29,others,141.454
2016-12-29,transportation,266.38300000000004
2016-12-29,others,2111.895
2016-12-28,groceries,6.61
2016-12-28,others,1176.5800000000002
2016-12-25,others,198.961
2016-12-22,others,188.38500000000002
2016-12-22,transportation,7.799800000000001
2016-12-21,others,1238.7140000000002
2016-12-21,transportation,166.43980000000002
2016-12-21,transportation,1255.9
2016-12-19,groceries,19.830000000000002
2016-12-19,others,32.389
2016-12-19,groceries,19.169
2016-12-19,groceries,112.37
2016-12-18,others,3.305
2016-12-18,others,1322.0
2016-12-17,others,7.271000000000001
2016-12-17,others,198.961
2016-12-14,groceries,132.20000000000002
2016-12-13,others,23.135
2016-12-13,others,16.525000000000002
2016-12-13,others,231.35000000000002
2016-12-11,others,29.745
2016-12-11,others,132.20000000000002
2016-12-11,others,169.877
2016-12-10,groceries,19.830000000000002
2016-12-10,others,661.0
2016-12-10,others,661.0
2016-12-09,others,198.961
2016-12-08,groceries,19.830000000000002
2016-12-08,others,131.53900000000002
2016-12-07,others,661.0
2016-12-05,others,102.455
2016-12-05,others,661.0
2016-12-05,others,661.0
2016-12-04,groceries,16.525000000000002
2016-12-04,groceries,6.61
2016-12-04,groceries,5.288
2016-12-04,groceries,19.830000000000002
2016-12-04,groceries,16.525000000000002
2016-12-04,groceries,33.050000000000004
2016-12-04,groceries,59.49
2016-12-04,groceries,9.915000000000001
2016-12-04,groceries,29.745
2016-12-04,groceries,13.22
2016-12-03,groceries,36.355000000000004
2016-12-03,groceries,13.22
2016-12-01,others,26440.0
2016-12-01,others,6610.0
2016-11-30,others,330.5
2016-11-30,others,37403.346000000005
2016-11-30,others,3.305
2016-11-30,others,165.911
2016-11-30,others,64.778
2016-11-29,others,39.660000000000004
2016-11-28,others,13550.5
2016-11-28,others,5.288
2016-11-28,groceries,13.22
2016-11-25,others,3.305
2016-11-25,others,165.911
2016-11-21,transportation,33.050000000000004
2016-11-21,others,9.915000000000001
2016-11-21,transportation,46.27
2016-11-20,transportation,33.050000000000004
2016-11-19,groceries,1.322
2016-11-19,groceries,718.5070000000001
2016-11-19,transportation,33.050000000000004
2016-11-19,groceries,26.44
2016-11-19,others,66.10000000000001
2016-11-19,transportation,26.44
2016-11-19,transportation,62.134
2016-11-19,transportation,66.10000000000001
2016-11-19,groceries,26.44
2016-11-19,others,489.14000000000004
2016-11-19,transportation,223.418
2016-11-19,transportation,66.10000000000001
2016-11-19,transportation,26.44
2016-11-19,transportation,35.694
2016-11-19,transportation,52.88
2016-11-17,groceries,6.61
2016-11-15,groceries,13.22
2016-11-15,others,6.61
2016-11-15,groceries,118.98
2016-11-14,transportation,1189.8
2016-11-14,transportation,3081.5820000000003
2016-11-12,others,36.355000000000004
2016-11-12,groceries,6.61
2016-11-10,transportation,26.44
2016-11-10,others,661.0
2016-11-10,others,7460.046
2016-11-10,others,661.0
2016-11-10,others,661.0
2016-11-09,others,6.61
2016-11-08,others,131.53900000000002
2016-11-07,groceries,29.745
2016-11-05,transportation,19.830000000000002
2016-11-05,others,661.0
2016-11-05,others,661.0
2016-11-04,others,33.050000000000004
2016-11-03,groceries,158.64000000000001
2016-11-03,others,310.67
2016-11-03,others,462.70000000000005
2016-11-03,others,991.5
2016-11-02,others,52.88
2016-11-01,others,297.45
2016-11-01,groceries,33.050000000000004
2016-11-01,others,6610.0
2016-11-01,others,6610.0
2016-10-31,others,1321.3390000000002
2016-10-30,others,37443.667
2016-10-28,others,146.08100000000002
2016-10-28,transportation,26.44
2016-10-27,others,165.911
2016-10-27,others,739.7912000000001
2016-10-27,groceries,16.525000000000002
2016-10-27,groceries,112.37
2016-10-26,others,407.83700000000005
2016-10-25,groceries,16.525000000000002
2016-10-24,groceries,211.52
2016-10-22,groceries,23.135
2016-10-22,groceries,13.22
2016-10-17,groceries,142.115
2016-10-15,groceries,284.23
2016-10-14,groceries,79.32000000000001
2016-10-13,others,164.589
2016-10-12,groceries,99.15
2016-10-10,groceries,66.10000000000001
2016-10-10,others,661.0
2016-10-10,others,661.0
2016-10-10,others,661.0
2016-10-09,others,164.589
2016-10-09,others,26.44
2016-10-09,transportation,52.88
2016-10-09,groceries,59.49
2016-10-08,others,115.01400000000001
2016-10-07,others,131.53900000000002
2016-10-05,others,661.0
2016-10-05,others,661.0
2016-10-01,others,132.20000000000002
2016-10-01,others,6610.0
2016-10-01,others,6610.0
2016-09-30,others,551.9350000000001
2016-09-30,others,38376.338
2016-09-28,others,21.152
2016-09-19,groceries,21.813000000000002
2016-09-15,groceries,62.795
2016-09-14,others,165.911
2016-09-14,others,288.857
2016-09-13,groceries,46.27
2016-09-13,groceries,558.5450000000001
2016-09-12,groceries,23.135
2016-09-12,groceries,23.135
2016-09-12,groceries,13.22
2016-09-11,groceries,46.27
2016-09-11,groceries,23.135
2016-09-11,transportation,13.22
2016-09-10,others,661.0
2016-09-10,others,661.0
2016-09-09,groceries,46.27
2016-09-08,groceries,19.830000000000002
2016-09-08,groceries,13.22
2016-09-08,others,165.911
2016-09-07,groceries,47.592
2016-09-07,others,661.0
2016-09-06,transportation,395.6085
2016-09-05,others,661.0
2016-09-05,others,661.0
2016-09-01,transportation,495.75
2016-09-01,others,165.911
2016-09-01,others,6610.0
2016-09-01,others,6610.0
2016-08-31,others,42233.934
2016-08-29,others,238.621
2016-08-29,others,26.44
2016-08-29,others,64.778
2016-08-24,others,330.5
2016-08-23,others,1322.0
2016-08-22,others,330.5
2016-08-21,others,66.10000000000001
2016-08-18,others,165.911
2016-08-14,others,3.305
2016-08-14,others,66.10000000000001
2016-08-11,others,7460.046
2016-08-10,others,661.0
2016-08-10,others,661.0
2016-08-09,others,165.911
2016-08-07,others,661.0
2016-08-07,others,495.75
2016-08-05,others,661.0
2016-08-05,others,661.0
2016-08-04,others,171.86
2016-08-01,others,6610.0
2016-08-01,others,9915.0
2016-07-31,others,34078.516
2016-07-31,others,165.25
2016-07-25,others,165.911
2016-07-21,others,165.911
2016-07-20,others,1717.939
2016-07-13,others,6.61
2016-07-12,others,661.0
2016-07-12,others,661.0
2016-07-07,others,661.0
2016-07-05,others,661.0
2016-07-05,others,661.0
2016-07-05,others,165.911
2016-07-04,others,165.911
2016-07-01,others,1717.939
2016-07-01,others,6610.0
2016-07-01,others,9915.0
2016-06-30,others,489.14000000000004
2016-06-30,others,70.66090000000001
2016-06-30,others,34070.584
2016-06-27,transportation,2115.2000000000003
2016-06-27,others,165.911
2016-06-23,others,657.695
2016-06-22,others,231.35000000000002
2016-06-20,groceries,92.54
2016-06-19,groceries,396.6
2016-06-19,others,598.205
2016-06-18,others,25.118000000000002
2016-06-12,groceries,55.524
2016-06-12,others,165.911
2016-06-10,others,661.0
2016-06-10,others,661.0
2016-06-07,others,661.0
2016-06-05,others,661.0
2016-06-05,others,661.0
2016-06-05,groceries,44.948
2016-06-01,others,6610.0
2016-06-01,others,6610.0
2016-06-01,groceries,16.525000000000002
2016-05-31,others,34078.516
2016-05-31,transportation,33.050000000000004
2016-05-30,others,165.911
2016-05-29,groceries,333.144
2016-05-22,others,79.32000000000001
2016-05-22,transportation,26.44
2016-05-19,groceries,118.98
2016-05-17,others,7460.046
2016-05-17,others,66.10000000000001
2016-05-16,others,165.911
2016-05-10,others,661.0
2016-05-10,others,661.0
2016-05-07,others,661.0
2016-05-06,others,165.911
2016-05-05,others,661.0
2016-05-05,others,661.0
2016-05-03,others,165.911
2016-05-02,others,16.525000000000002
2016-05-01,others,6610.0
2016-05-01,others,6610.0
2016-04-30,others,34082.77945
2016-04-28,others,197.639
2016-04-26,groceries,171.199
2016-04-24,others,111.709
2016-04-20,others,165.911
2016-04-16,others,33.050000000000004
2016-04-15,others,165.911
2016-04-12,others,661.0
2016-04-12,others,661.0
2016-04-11,others,165.911
2016-04-11,groceries,845.4190000000001
2016-04-07,others,661.0
2016-04-05,others,661.0
2016-04-05,others,661.0
2016-04-03,others,198.3
2016-04-02,others,165.911
2016-04-02,groceries,13.22
2016-04-02,transportation,33.050000000000004
2016-04-02,others,19.830000000000002
2016-04-01,others,6610.0
2016-04-01,others,6610.0
2016-03-31,others,46802.766
2016-03-29,others,66.10000000000001
2016-03-28,others,105.099
2016-03-22,others,111.709
2016-03-21,others,165.911
2016-03-20,groceries,23.135
2016-03-20,others,3.305
2016-03-16,others,52.88
2016-03-15,others,165.911
2016-03-11,groceries,39.660000000000004
2016-03-11,others,165.25
2016-03-11,others,13.22
2016-03-10,others,661.0
2016-03-10,others,661.0
2016-03-08,others,661.0
2016-03-06,others,165.911
2016-03-05,others,661.0
2016-03-05,others,661.0
2016-03-02,others,6610.0
2016-02-28,groceries,46.27
2016-02-28,others,66.10000000000001
2016-02-28,groceries,66.10000000000001
2016-02-28,others,7.271000000000001
2016-02-27,others,165.911
2016-02-27,others,165.25
2016-02-27,groceries,33.050000000000004
2016-02-26,others,6610.0
2016-02-26,others,32921.766
2016-02-24,others,131.53900000000002
2016-02-22,groceries,26.44
2016-02-22,others,111.709
2016-02-20,groceries,56.185
2016-02-14,groceries,109.06500000000001
2016-02-13,transportation,26.44
2016-02-13,others,52.88
2016-02-10,others,661.0
2016-02-10,others,661.0
2016-02-08,others,661.0
2016-02-08,others,165.911
2016-02-07,groceries,105.76
2016-02-05,others,661.0
2016-02-05,others,661.0
2016-02-01,others,6610.0
2016-01-31,others,6610.0
2016-01-31,others,32921.766
2016-01-26,others,131.53900000000002
2016-01-22,others,111.709
2016-01-13,others,29745.0
2016-01-12,others,132.20000000000002
2016-01-11,others,661.0
2016-01-11,others,661.0
2016-01-10,others,9.915000000000001
2016-01-09,others,165.911
2016-01-08,others,1318.034
2016-01-07,others,661.0
2016-01-05,others,661.0
2016-01-05,others,661.0
2016-01-05,groceries,231.35000000000002
2016-01-05,transportation,19.830000000000002
2016-01-01,groceries,23.135
2016-01-01,others,6610.0
2016-01-01,others,6610.0
2016-01-01,groceries,126.912
2015-12-31,groceries,356.94
2015-12-31,others,51118.435000000005
2015-12-30,groceries,66.10000000000001
2015-12-30,others,1322.0
2015-12-26,others,18.508000000000003
2015-12-26,others,131.53900000000002
2015-12-25,others,178.47
2015-12-25,others,33.050000000000004
2015-12-21,others,111.709
2015-12-20,others,307.365
2015-12-19,groceries,52.88
2015-12-19,others,145.42000000000002
2015-12-19,others,155.335
2015-12-12,transportation,33.050000000000004
2015-12-11,transportation,66.10000000000001
2015-12-10,others,661.0
2015-12-10,others,661.0
2015-12-08,others,18.508000000000003
2015-12-07,others,661.0
2015-12-05,others,661.0
2015-12-05,groceries,59.49
2015-12-05,others,132.20000000000002
2015-12-05,others,661.0
2015-12-02,others,214.82500000000002
2015-12-01,others,510.95300000000003
2015-12-01,groceries,55.524
2015-12-01,others,33050.0
2015-12-01,others,6610.0
2015-12-01,others,676.864
2015-11-30,others,32921.766
2015-11-29,transportation,33.050000000000004
2015-11-29,transportation,19.830000000000002
2015-11-29,transportation,26.44
2015-11-27,groceries,16.525000000000002
2015-11-26,others,131.53900000000002
2015-11-21,others,165.911
2015-11-21,groceries,55.524
2015-11-15,others,991.5
2015-11-14,others,204.91
2015-11-12,groceries,16.525000000000002
2015-11-10,others,661.0
2015-11-10,others,661.0
2015-11-07,others,661.0
2015-11-07,others,165.911
2015-11-05,others,661.0
2015-11-05,others,661.0
2015-11-05,groceries,55.524
2015-11-04,others,6610.0
2015-11-03,transportation,26.44
2015-11-01,others,6610.0
2015-11-01,transportation,46.27
2015-10-31,groceries,46.27
2015-10-31,transportation,46.931000000000004
2015-10-31,groceries,6.61
2015-10-31,others,32921.766
2015-10-31,groceries,165.25
2015-10-31,others,99.15
2015-10-31,transportation,118.98
2015-10-30,others,33.050000000000004
2015-10-30,transportation,19.830000000000002
2015-10-29,transportation,439.565
2015-10-28,others,661.0
2015-10-28,transportation,436.26000000000005
2015-10-27,others,131.53900000000002
2015-10-25,others,158.64000000000001
2015-10-24,others,66.10000000000001
2015-10-23,transportation,13.22
2015-10-23,others,26.44
2015-10-22,others,165.911
2015-10-21,others,330.5
2015-10-18,others,977.619
2015-10-18,transportation,530.783
2015-10-18,others,1322.0
2015-10-10,others,661.0
2015-10-10,others,661.0
2015-10-07,others,661.0
2015-10-07,others,5307.169
2015-10-05,others,661.0
2015-10-05,others,661.0
2015-10-02,groceries,277.62
2015-10-01,others,6610.0
2015-09-30,others,32921.766
2015-09-30,others,66.10000000000001
2015-09-28,others,231.35000000000002
2015-09-28,others,79.32000000000001
2015-09-28,others,198.3
2015-09-27,others,131.53900000000002
2015-09-26,others,19.830000000000002
2015-09-21,others,1387.439
2015-09-11,groceries,250.519
2015-09-10,others,661.0
2015-09-10,others,661.0
2015-09-07,others,661.0
2015-09-05,others,661.0
2015-09-05,others,661.0
2015-09-04,others,3172.8
2015-09-01,others,6610.0
2015-08-31,others,32921.766
2015-08-31,others,6610.0
2015-08-31,others,189.70700000000002
2015-08-30,others,47.592
2015-08-28,others,131.53900000000002
2015-08-14,others,2312.839
2015-08-13,others,958.45
2015-08-10,others,661.0
2015-08-10,others,661.0
2015-08-07,others,661.0
2015-08-05,others,661.0
2015-08-05,others,661.0
2015-08-03,others,220.113
2015-08-02,others,6610.0
2015-08-02,others,6610.0
2015-08-02,others,1652.5
2015-07-31,others,31634.799000000003
2015-07-29,others,131.53900000000002
2015-07-19,others,1717.939
2015-07-10,others,661.0
2015-07-10,others,661.0
2015-07-09,others,303.399
2015-07-07,others,661.0
2015-07-06,others,661.0
2015-07-06,others,661.0
2015-07-02,others,206.232
2015-07-01,others,220.113
2015-07-01,others,1872.613
2015-07-01,others,6610.0
2015-07-01,others,6610.0
2015-06-30,others,31634.799000000003
2015-06-29,others,131.53900000000002
2015-06-23,others,660.339
2015-06-10,others,661.0
2015-06-10,others,661.0
2015-06-10,others,33.050000000000004
2015-06-08,others,661.0
2015-06-05,others,661.0
2015-06-05,others,661.0
2015-06-01,others,512.936
2015-06-01,others,1680.923
2015-06-01,others,6610.0
2015-05-31,others,1765.5310000000002
2015-05-31,others,31634.799000000003
2015-05-31,others,6610.0
2015-05-17,transportation,3966.0
2015-05-16,others,401.22700000000003
2015-05-16,groceries,13.22
2015-05-16,groceries,17.186
2015-05-15,groceries,17.186
2015-05-14,others,958.45
2015-05-13,others,165.25
2015-05-13,groceries,17.186
2015-05-12,groceries,17.186
2015-05-11,others,661.0
2015-05-11,others,661.0
2015-05-11,groceries,13.22
2015-05-11,groceries,17.186
2015-05-10,others,105.76
2015-05-09,others,191.69
2015-05-09,groceries,34.372
2015-05-09,groceries,13.22
2015-05-08,groceries,17.186
2015-05-07,others,661.0
2015-05-06,others,46.27
2015-05-05,others,661.0
2015-05-05,others,661.0
2015-05-05,groceries,66.10000000000001
2015-05-05,groceries,17.186
2015-05-03,others,13220.0
2015-05-03,groceries,778.658
2015-05-03,others,3305.0
2015-05-02,others,6610.0
2015-05-02,groceries,18.508000000000003
2015-05-01,groceries,13.22
2015-04-28,others,32591.266000000003
2015-04-28,groceries,18.508000000000003
2015-04-26,others,38.999
2015-04-26,groceries,72.71000000000001
2015-04-26,groceries,75.354
2015-04-24,groceries,277.62
2015-04-23,groceries,37.016000000000005
2015-04-18,others,118.98
2015-04-18,groceries,214.16400000000002
2015-04-14,others,330.5
2015-04-13,others,661.0
2015-04-13,others,661.0
2015-04-10,groceries,462.03900000000004
2015-04-08,groceries,103.116
2015-04-07,others,661.0
2015-04-07,others,661.0
2015-04-06,others,661.0
2015-04-05,others,6610.0
2015-04-04,groceries,189.70700000000002
2015-04-04,groceries,587.629
2015-04-04,others,198.3
2015-04-04,others,33.050000000000004
2015-04-02,others,3305.0
2015-04-01,groceries,33.050000000000004
2015-03-31,others,46802.766
2015-03-29,others,177.809
2015-03-29,groceries,99.15
2015-03-25,utilities,13.22
2015-03-24,groceries,17.186
2015-03-23,groceries,286.7418
2015-03-23,utilities,13.22
2015-03-20,others,66.10000000000001
2015-03-20,others,2445.7000000000003
2015-03-19,others,33.050000000000004
2015-03-18,groceries,35.033
2015-03-18,groceries,16.525000000000002
2015-03-18,groceries,13.22
2015-03-18,groceries,17.186
2015-03-17,others,297.45
2015-03-16,others,661.0
2015-03-16,groceries,13.22
2015-03-15,others,19.830000000000002
2015-03-15,groceries,23.796
2015-03-15,others,3.305
2015-03-14,others,26.44
2015-03-14,groceries,17.186
2015-03-13,transportation,6.61
2015-03-12,others,1255.9
2015-03-12,groceries,19.830000000000002
2015-03-11,others,661.0
2015-03-11,groceries,5.288
2015-03-10,transportation,7.799800000000001
2015-03-10,others,661.0
2015-03-10,transportation,7.799800000000001
2015-03-10,transportation,13.22
2015-03-10,transportation,6.61
2015-03-10,transportation,13.22
2015-03-09,others,85.269
2015-03-09,others,3.966
2015-03-07,others,661.0
2015-03-07,others,661.0
2015-03-06,transportation,6.61
2015-03-06,groceries,16.525000000000002
2015-03-06,transportation,6.61
2015-03-05,others,661.0
2015-03-05,others,26.44
2015-03-04,groceries,16.525000000000002
2015-03-03,utilities,71.388
2015-03-03,others,11.237
2015-03-03,others,220.113
2015-03-03,others,1101.887
2015-03-03,others,54.202000000000005
2015-03-03,others,1983.0
2015-03-02,groceries,19.830000000000002
2015-03-02,others,6610.0
2015-03-02,others,1872.613
2015-03-02,others,149.386
2015-03-02,others,198.3
2015-03-02,groceries,16.525000000000002
2015-03-02,transportation,6.61
2015-03-02,groceries,26.44
2015-03-01,groceries,13.22
2015-03-01,groceries,52.88
2015-03-01,groceries,58.168000000000006
2015-03-01,groceries,3.966
2015-02-28,others,32921.766
2015-02-28,groceries,17.186
2015-02-28,groceries,36.355000000000004
2015-02-28,groceries,13.22
2015-02-26,groceries,3.966
2015-02-26,transportation,39.660000000000004
2015-02-26,groceries,19.830000000000002
2015-02-26,groceries,17.186
2015-02-24,groceries,105.76
2015-02-24,transportation,43.626000000000005
2015-02-24,groceries,6.61
2015-02-23,transportation,13.22
2015-02-23,transportation,13.22
2015-02-23,others,13.22
2015-02-23,transportation,347.68600000000004
2015-02-23,others,2721.998
2015-02-19,others,29.745
2015-02-19,others,22.474
2015-02-19,groceries,39.660000000000004
2015-02-17,groceries,150.047
2015-02-16,groceries,164.589
2015-02-16,transportation,19.830000000000002
2015-02-15,others,165.25
2015-02-15,others,330.5
2015-02-15,groceries,13.22
2015-02-15,transportation,9.915000000000001
2015-02-15,transportation,22.474
2015-02-15,groceries,13.22
2015-02-15,groceries,9.915000000000001
2015-02-13,groceries,13.881
2015-02-13,groceries,17.847
2015-02-12,groceries,6.61
2015-02-12,groceries,7.932
2015-02-12,groceries,6.61
2015-02-11,groceries,35.694
2015-02-11,groceries,17.186
2015-02-10,groceries,39.660000000000004
2015-02-10,groceries,11.898
2015-02-10,groceries,3.966
2015-02-09,groceries,23.135
2015-02-09,groceries,99.15
2015-02-09,transportation,116.33600000000001
2015-02-08,groceries,56.846000000000004
2015-02-08,others,245.23100000000002
2015-02-08,others,2247.4
2015-02-08,groceries,19.830000000000002
2015-02-07,groceries,3.966
2015-02-05,groceries,247.875
2015-02-05,groceries,26.44
2015-02-05,groceries,13.881
2015-02-04,groceries,778.658
2015-02-04,groceries,19.830000000000002
2015-02-04,groceries,17.186
2015-02-03,groceries,46.27
2015-02-03,groceries,6.61
2015-02-03,groceries,70.727
2015-02-03,others,66.10000000000001
2015-02-03,groceries,17.847
2015-02-03,others,33.050000000000004
2015-02-02,others,6610.0
2015-02-02,groceries,17.186
2015-02-02,groceries,19.830000000000002
2015-02-01,groceries,17.186
2015-02-01,others,518.224
2015-02-01,others,163.928
2015-01-31,groceries,13.22
2015-01-31,groceries,26.44
2015-01-30,transportation,66.10000000000001
2015-01-30,groceries,663.644
2015-01-29,groceries,17.186
2015-01-29,groceries,25.118000000000002
2015-01-29,groceries,9.915000000000001
2015-01-27,groceries,9.915000000000001
2015-01-27,groceries,19.830000000000002
2015-01-26,groceries,17.186
2015-01-26,groceries,19.830000000000002
2015-01-26,groceries,205.571
2015-01-25,others,39.660000000000004
2015-01-24,groceries,19.830000000000002
2015-01-22,groceries,13.22
2015-01-22,groceries,21.813000000000002
2015-01-21,groceries,79.32000000000001
2015-01-21,others,39.660000000000004
2015-01-21,groceries,17.847
2015-01-21,transportation,174.50400000000002
2015-01-21,transportation,91.218
2015-01-21,groceries,18.508000000000003
2015-01-21,groceries,33.050000000000004
2015-01-20,groceries,42.965
2015-01-19,groceries,19.169
2015-01-18,groceries,39.660000000000004
2015-01-18,groceries,5.288
2015-01-18,groceries,19.169
2015-01-16,transportation,19.830000000000002
2015-01-16,transportation,33.050000000000004
2015-01-16,transportation,6.61
2015-01-15,groceries,102.455
2015-01-15,transportation,66.10000000000001
2015-01-15,groceries,6.61
2015-01-14,groceries,8.593
2015-01-14,groceries,79.32000000000001
2015-01-14,transportation,502.36
2015-01-13,others,330.5
2015-01-13,groceries,6.61
2015-01-12,transportation,115.67500000000001
2015-01-12,transportation,40.321000000000005
2015-01-11,others,33.050000000000004
2015-01-11,transportation,112.37
2015-01-10,transportation,33.050000000000004
2015-01-10,transportation,429.65000000000003
2015-01-10,others,33.050000000000004
2015-01-10,groceries,13.22
2015-01-09,groceries,13.22
2015-01-09,others,429.65000000000003
2015-01-08,groceries,13.22
2015-01-07,groceries,20.491
2015-01-06,groceries,9.915000000000001
2015-01-06,groceries,9.915000000000001
2015-01-05,others,1872.613
2015-01-05,others,220.113
2015-01-05,groceries,89.235
2015-01-05,others,1487.25
2015-01-04,groceries,23.135
2015-01-04,groceries,13.22
2015-01-04,groceries,115.67500000000001
2015-01-04,others,6610.0
2015-01-03,others,147.40300000000002
2015-01-03,groceries,231.35000000000002
2015-01-03,groceries,32.389
2015-01-02,groceries,43.626000000000005
2015-01-02,others,6610.0
2015-01-02,groceries,18.508000000000003
2015-01-02,groceries,6.61
2015-01-01,groceries,264.40000000000003
2015-01-01,transportation,13.22
2015-01-01,transportation,39.660000000000004
2015-01-01,others,26.44
2015-01-01,groceries,132.20000000000002
2015-01-01,transportation,93.86200000000001
2015-01-01,transportation,13.22
2015-01-01,transportation,13.22
2015-01-01,transportation,19.830000000000002
2015-01-01,groceries,6.61
2015-01-01,transportation,6.61
